<?xml version="1.0" encoding="UTF-8"?>
<project-private xmlns="http://www.netbeans.org/ns/project-private/1">
    <editor-bookmarks xmlns="http://www.netbeans.org/ns/editor-bookmarks/2" lastBookmarkId="0"/>
    <open-files xmlns="http://www.netbeans.org/ns/projectui-open-files/2">
        <group>
            <file>file:/D:/2_Learnspace/2_FPT/Semester%204/01_PRJ301/04_Project/VanNghiShoes/VanNghiShoes/src/java/controller/client/CategoryServlet.java</file>
            <file>file:/D:/2_Learnspace/2_FPT/Semester%204/01_PRJ301/04_Project/VanNghiShoes/VanNghiShoes/src/java/controller/client/ProductServlet.java</file>
            <file>file:/D:/2_Learnspace/2_FPT/Semester%204/01_PRJ301/04_Project/VanNghiShoes/VanNghiShoes/web/assests/admin_js/add-category.js</file>
            <file>file:/D:/2_Learnspace/2_FPT/Semester%204/01_PRJ301/04_Project/VanNghiShoes/VanNghiShoes/web/client/js/FilterByPrice.js</file>
            <file>file:/D:/2_Learnspace/2_FPT/Semester%204/01_PRJ301/04_Project/VanNghiShoes/VanNghiShoes/src/java/dto/CategoryDTO.java</file>
            <file>file:/D:/2_Learnspace/2_FPT/Semester%204/01_PRJ301/04_Project/VanNghiShoes/VanNghiShoes/web/assests/admin_js/edit-product.js</file>
            <file>file:/D:/2_Learnspace/2_FPT/Semester%204/01_PRJ301/04_Project/VanNghiShoes/VanNghiShoes/web/assests/admin_js/view-detail-product.js</file>
            <file>file:/D:/2_Learnspace/2_FPT/Semester%204/01_PRJ301/04_Project/VanNghiShoes/VanNghiShoes/web/admin/product_admin.jsp</file>
            <file>file:/D:/2_Learnspace/2_FPT/Semester%204/01_PRJ301/04_Project/VanNghiShoes/VanNghiShoes/web/client/category.jsp</file>
            <file>file:/D:/2_Learnspace/2_FPT/Semester%204/01_PRJ301/04_Project/VanNghiShoes/VanNghiShoes/web/client/js/main.js</file>
            <file>file:/D:/2_Learnspace/2_FPT/Semester%204/01_PRJ301/04_Project/VanNghiShoes/VanNghiShoes/web/assests/admin_js/edit-category.js</file>
            <file>file:/D:/2_Learnspace/2_FPT/Semester%204/01_PRJ301/04_Project/VanNghiShoes/VanNghiShoes/src/java/dal/CategoryDAO.java</file>
            <file>file:/D:/2_Learnspace/2_FPT/Semester%204/01_PRJ301/04_Project/VanNghiShoes/VanNghiShoes/src/java/dal/ProductDAO.java</file>
        </group>
    </open-files>
</project-private>
